name:string:files	name:string:files	type
	/	CONTAINS
/	/history	CONTAINS
/	/images	CONTAINS
/	/shuttle	CONTAINS
/history	/history/apollo	CONTAINS
/history	/history/skylab	CONTAINS
/history/apollo	/history/apollo/apollo-16	CONTAINS
/history/apollo	/history/apollo/images	CONTAINS
/history/apollo/apollo-16	/history/apollo/apollo-16/apollo-16-patch-small.gif	CONTAINS
/history/apollo/apollo-16	/history/apollo/apollo-16/apollo-16.html	CONTAINS
/history/apollo/images	/history/apollo/images/apollo-logo.gif	CONTAINS
/history/apollo/images	/history/apollo/images/apollo-logo1.gif	CONTAINS
/history/skylab	/history/skylab/skylab-small.gif	CONTAINS
/history/skylab	/history/skylab/skylab.html	CONTAINS
/images	/images/KSC-logosmall.gif	CONTAINS
/images	/images/MOSAIC-logosmall.gif	CONTAINS
/images	/images/NASA-logosmall.gif	CONTAINS
/images	/images/USA-logosmall.gif	CONTAINS
/images	/images/WORLD-logosmall.gif	CONTAINS
/images	/images/ksclogo-medium.gif	CONTAINS
/images	/images/ksclogosmall.gif	CONTAINS
/images	/images/launch-logo.gif	CONTAINS
/images	/images/launchmedium.gif	CONTAINS
/shuttle	/shuttle/missions	CONTAINS
/shuttle	/shuttle/resources	CONTAINS
/shuttle/missions	/shuttle/missions/sts-69	CONTAINS
/shuttle/missions/sts-69	/shuttle/missions/sts-69/mission-sts-69.html	CONTAINS
/shuttle/missions/sts-69	/shuttle/missions/sts-69/sts-69-patch-small.gif	CONTAINS
/shuttle/resources	/shuttle/resources/orbiters	CONTAINS
/shuttle/resources/orbiters	/shuttle/resources/orbiters/discovery.html	CONTAINS
133.43.96.45	/images/KSC-logosmall.gif	REQUESTS
133.43.96.45	/shuttle/missions/sts-69/mission-sts-69.html	REQUESTS
133.43.96.45	/shuttle/missions/sts-69/sts-69-patch-small.gif	REQUESTS
d0ucr6.fnal.gov	/history/apollo/apollo-16/apollo-16-patch-small.gif	REQUESTS
d0ucr6.fnal.gov	/history/apollo/apollo-16/apollo-16.html	REQUESTS
ix-esc-ca2-07.ix.netcom.com	/history/apollo/images/apollo-logo1.gif	REQUESTS
ix-esc-ca2-07.ix.netcom.com	/images/launch-logo.gif	REQUESTS
ix-esc-ca2-07.ix.netcom.com	/shuttle/resources/orbiters/discovery.html	REQUESTS
kgtyk4.kj.yamagata-u.ac.jp	/	REQUESTS
kgtyk4.kj.yamagata-u.ac.jp	/images/MOSAIC-logosmall.gif	REQUESTS
kgtyk4.kj.yamagata-u.ac.jp	/images/NASA-logosmall.gif	REQUESTS
kgtyk4.kj.yamagata-u.ac.jp	/images/USA-logosmall.gif	REQUESTS
kgtyk4.kj.yamagata-u.ac.jp	/images/WORLD-logosmall.gif	REQUESTS
kgtyk4.kj.yamagata-u.ac.jp	/images/ksclogo-medium.gif	REQUESTS
piweba4y.prodigy.com	/images/launchmedium.gif	REQUESTS
slppp6.intermind.net	/history/apollo/images/apollo-logo.gif	REQUESTS
slppp6.intermind.net	/history/skylab/skylab-small.gif	REQUESTS
slppp6.intermind.net	/history/skylab/skylab.html	REQUESTS
slppp6.intermind.net	/images/ksclogosmall.gif	REQUESTS
uplherc.upl.com	/	REQUESTS
uplherc.upl.com	/images/MOSAIC-logosmall.gif	REQUESTS
uplherc.upl.com	/images/NASA-logosmall.gif	REQUESTS
uplherc.upl.com	/images/USA-logosmall.gif	REQUESTS
uplherc.upl.com	/images/WORLD-logosmall.gif	REQUESTS
uplherc.upl.com	/images/ksclogo-medium.gif	REQUESTS
